series,mean_series,std_series
2.512748336543312,2.5548780900260364,0.25548780900260365
3.0685362587333933,2.951218089344825,0.295416930743417
3.807702624332731,3.3257090808837084,0.33323604990454764
3.4197964781581525,3.7316818960958997,0.37428769417841873
3.9458902452849367,3.9739677259262716,0.39898635968299767
4.291992937518116,4.228877589115059,0.4250021977060634
4.487226752733602,4.463529793141553,0.44903109719004025
4.6044286862215715,4.669819908207229,0.470250864756468
4.277100660454133,4.846288672562963,0.4885058981943467
4.745949303686283,4.9781387886554285,0.5022942037753327
4.601897225193379,5.122044993553484,0.5173265443489019
4.792865335052475,5.240961050083549,0.5298611621634469
5.9817541776244365,5.355546255647235,0.5419812810715002
5.630559062602755,5.507837546242335,0.5579439434343486
5.707701250479951,5.628768845023856,0.5707571608854191
5.75884185150989,5.738743775875043,0.5824824932513168
5.4239885619123065,5.837528056096729,0.5930928504994277
5.726214404940404,5.919632147036208,0.6020265893535823
6.664579821123941,6.002395739342775,0.6110438862650945
6.225623403779142,6.105668613243126,0.6221676316894745
6.029913380210817,6.188573503035762,0.6312344973096478
5.8600211946184135,6.2591267117383245,0.639056837268483
6.0346621362423205,6.322681268069778,0.6461780255967313
7.081645856647839,6.385937691918573,0.6532814258832701
7.248848836077348,6.465661093463693,0.6620836959706822
6.342438587863524,6.543869517227153,0.6707466255157832
8.12067315451247,6.599511142409235,0.6771098432111876
6.7756053231911855,6.685370532894645,0.68658755372828
7.061723884948507,6.740039772986158,0.6928760886629771
6.582738328032042,6.797316461644468,0.6994438639032158
5.8921250807182926,6.844312546221772,0.7049641922608426
7.190295419845723,6.88054355868111,0.7093840409000225
7.045413826091713,6.932306868688696,0.7154140688486734
6.908103129882769,6.97958477805886,0.7209911075734803
6.9927780183129,7.022981238923947,0.7261762601047361
6.437330426196054,7.065231988092809,0.7312515107676059
6.692165027860687,7.0996134472282995,0.7355199531328519
8.174976661492598,7.135853110076178,0.7399879675148997
6.535284534731892,7.187253484711977,0.7460369117131033
7.08406880778223,7.2190138142475675,0.7500555353003223
7.374140355694779,7.2545641274168124,0.7544746692513485
6.146007797635052,7.287978028271756,0.75867851274309
7.885938752179183,7.307180748901836,0.7614082340355713
7.391805155126223,7.338665416623974,0.7654228029538805
7.975767843994465,7.366192936924618,0.7690305426149301
5.760620281016209,7.396116788179084,0.7728942043647143
6.830805265767099,7.405135365711703,0.7745771592534442
8.14879410680741,7.421136901821859,0.7769930336207486
6.914551726518161,7.447829479734443,0.7805325294761697
5.943418815449943,7.464883192682232,0.7830662469123663
8.639312579467898,7.472189055377702,0.7845798508146588
6.385650644105375,7.5021379686628675,0.7884747005064674
8.168840567105317,7.51191662385692,0.790253628829748
6.815370125761744,7.528689571947086,0.7927710119260282
7.425391720041243,7.536583493722792,0.7943559002383823
8.01290622300462,7.548540331022239,0.7963710049228463
6.984448660241533,7.564763600087833,0.7988390361692751
6.26279882679512,7.574751267407066,0.8006512089649269
6.460911834919764,7.578047613727359,0.8017574375323546
8.723915635736315,7.576679156555257,0.8023703226792018
8.262114908354445,7.595630472215071,0.8051368300547976
7.665525908690064,7.611538920203718,0.8075842794336144
8.071715878097597,7.623547561245667,0.8096207510042899
6.321679783250686,7.637495852665221,0.811865809138313
8.033823424492242,7.6325737251842725,0.8121058443596066
7.888209873060048,7.6383681641394725,0.8134862094808539
7.213591148014066,7.648906653655341,0.8153734492796594
7.644367984514192,7.642255837389269,0.815428697849435
8.208968050953995,7.648247871275236,0.8168328726521953
6.257508795361368,7.656567708792766,0.8184870880699467
6.6978475570411256,7.654590796228941,0.8190412151964968
7.685861230928856,7.659386164924414,0.8203202582634047
8.131071372365128,7.6628568009993865,0.8214582490671343
7.188391561230962,7.6705703029114405,0.8230521935023977
7.258339590637041,7.672411202674826,0.8240169631672764
8.278833094719273,7.674171337933413,0.824973418827842
6.725314774881672,7.6866853473031655,0.8270873433698206
7.887141180762184,7.686889437347439,0.8278779924023192
7.592429862154598,7.684766024302065,0.8284177774197626
7.593031153677545,7.691609366573083,0.8299246506532357
8.510111437898287,7.695014724193049,0.8310615902128494
8.490647098303471,7.703192864082965,0.8327151486073685
6.059524281132255,7.718564550788356,0.8351486843953001
5.9845897366332625,7.707178519180976,0.8346874336272998
6.838269473431527,7.698679696795861,0.8345368791326715
7.36995563954344,7.691009711011981,0.8344745536448
8.293025596206036,7.700618729035837,0.836287193973292
7.684581715135149,7.710576777858758,0.8381396957532471
7.269418384544479,7.7072780581616485,0.8385518527279874
7.944871133873041,7.709538242117288,0.8395687145665728
7.500615229502078,7.721928796935885,0.8416902388660115
8.36030345683022,7.713753701681593,0.8415705288534618
7.220220661827706,7.72667523529936,0.8437529356946901
7.048955005131069,7.720217899359157,0.843819816399956
9.04280883802647,7.721653995602643,0.8447489471189292
5.924262613352186,7.7333879923793525,0.8468059851655391
9.730158421186616,7.7205571736609695,0.8461730662332423
7.343191089696524,7.740711652927953,0.8491560683261965
7.788621712109042,7.747082235723345,0.8506296294824233
7.261355834373882,7.755222153326901,0.8522989146506266
7.0693375954118665,7.745153578770673,0.8519668936647741
8.45142633103768,7.737206826331972,0.8518664715791502
6.963979348468335,7.742717782699393,0.8532474996534731
7.11485203803154,7.7354648376234225,0.8532217715898636
7.936362626604749,7.740111868141303,0.8545083502427998
6.079876624560907,7.739434539974528,0.8552075166671854
7.519841039666791,7.728377971481855,0.8547586036458932
6.7803349951624785,7.730362041793112,0.8557510780264975
8.732713948346474,7.7248720053571605,0.8559158181935734
7.441004513741356,7.72878363921868,0.8571221055893515
8.193192625907912,7.73589131671704,0.8586839361555915
8.502610436087183,7.7455720378376105,0.8605330534037585
8.740931101079056,7.751276256047823,0.861941919672518
9.589332084369305,7.755692983978427,0.8632086291167991
7.664190096010182,7.772798651586819,0.8658897697867717
8.367671224226985,7.7753453168271704,0.8669510028262295
7.67459064148705,7.775966183089838,0.867797826032826
8.825276585009782,7.781686894580131,0.8692144261246008
8.58379499764247,7.788208345745008,0.8707216930542919
8.046283785723325,7.79483501280595,0.8722420379329858
7.195854666313685,7.7977502308364866,0.8733480258536865
8.955071488193374,7.78923743532088,0.8731735164994706
7.02001720458121,7.7925875014875805,0.8743283176669066
8.551618472470363,7.797759820448635,0.8756884278363818
5.489949604599554,7.8129670955124295,0.878177501535597
7.146957490149397,7.806221368323395,0.8781999039363819
8.490087907191308,7.804902312820867,0.8788320004236297
6.945046547210699,7.806249901763768,0.8797643639287767
7.67254480615036,7.8018348150605465,0.8800469671388298
7.956619830386201,7.804295300048962,0.8811049393755278
8.54834978832935,7.8043715164781835,0.8818939813620348
8.70801967621619,7.8112077595797125,0.8834475976084655
8.92340754795327,7.813609520301662,0.8845005976981481
6.833152005195632,7.8246618481826395,0.8865341873990932
6.519784413407228,7.823463548115584,0.8871807663563073
7.9643140566247705,7.807623685315578,0.8861652882833181
7.676159325188515,7.8190788449444595,0.8882473567856907
7.626399770460772,7.804602327336115,0.8873832846181163
7.6117665714507226,7.806329936773422,0.8883603468048156
7.537218539068613,7.805220393473628,0.8890146028166462
8.443611796556516,7.806882992966023,0.8899846611981267
7.181199942298289,7.815520820610632,0.8917509256316731
5.774296456682071,7.807477768794313,0.8916139611963106
7.082749768270126,7.8012956250990815,0.8916880899488251
6.599426166799807,7.801109102442645,0.8924468813194386
7.352202154651573,7.793123574814039,0.8923126493162075
6.3162063460751465,7.800149513414485,0.8938971342373001
7.809392652588077,7.793303613167415,0.8938919244303026
8.254498605939155,7.799477473663599,0.8953800139765812
8.638144402937327,7.796141675573125,0.8957766785233521
7.72577665488814,7.8040279709047295,0.8974632166540439
5.93012348024256,7.800986858941794,0.8978935874642006
7.50967292059347,7.785672548151898,0.8969094775470987
8.051953816453779,7.77732120709567,0.8967251351781308
6.632115355874385,7.765888647461285,0.8961835499170323
5.9070192099072205,7.759613639676092,0.8962353753825887
7.046546313654889,7.74451513328074,0.8952659494072536
7.755348763186867,7.7405027496492025,0.8955761681344127
7.830960297655715,7.7327585184715275,0.895453436439003
7.839369841200504,7.727328287367312,0.8955973485058715
7.4402935284051965,7.725878936621471,0.8962019566480907
6.62686841415362,7.727456358585421,0.8971576832317675
7.309519899935558,7.711344536112665,0.8960582350962917
7.3132392648294315,7.7132001490391495,0.8970451773332531
6.859091558647969,7.7043814785829055,0.8967900041070502
7.224376941515466,7.711975316612047,0.8984451243853034
8.094638787325042,7.7124730202110054,0.8992743541566033
8.8270103795149,7.709535694316554,0.8997028155267419
6.113524344237047,7.72276130482479,0.9020185204035355
7.809641591877712,7.713202277323617,0.9016733462191309
6.796214042954918,7.712166168091257,0.9023234416666771
7.789034535480436,7.700065872379434,0.9016777136556318
7.38348389258233,7.6931775463483,0.9016404084320208
7.68135800980747,7.681662548414976,0.9010590169290766
7.776329589721757,7.687324550137857,0.9024919021861845
7.61370962753915,7.695529022958255,0.9042246601975951
7.595602079931785,7.693041632374446,0.9047016959672349
9.591997687362635,7.692480493895053,0.9054049541314477
7.657798384296487,7.7078038504645665,0.907979293584726
8.235356567191864,7.708119612195536,0.9087873022778538
7.857708165725186,7.713053375291461,0.9101402982843925
7.7855831503459685,7.708775372466833,0.910406371488333
7.832209249532229,7.712827490099772,0.9116562093297931
7.5444029188283,7.725267793668518,0.9138991799909857
7.384477464629001,7.728244855148943,0.9150241908496349
9.604030955041713,7.733065943122062,0.9163683142599645
7.559252297613293,7.749655300662279,0.9191091186585464
6.339345222148116,7.757059756509906,0.9207629930977259
7.025289713120803,7.7481238263128205,0.920477110565963
7.4594342363823385,7.739985377213516,0.9202842613506871
7.661801377745888,7.731695779306926,0.9200717977375242
8.61471299426525,7.731263819411794,0.9207935208919448
7.818178677091435,7.7482558980681,0.9235921030497175
8.789978672210559,7.750294240206001,0.924610102856576
7.6470031050667675,7.7556324200652105,0.9260225109557861
7.425806724072837,7.761820368047849,0.927537533981718
7.751258890745177,7.77040335332231,0.9293402410573484
8.274209592852447,7.774794845168248,0.9306429429666393
7.15646243191061,7.7782835494698,0.9318383692264821
7.636865183656508,7.774041627174422,0.9321075910982133
7.235869856630582,7.772722874711017,0.9327267449653222
8.852927094275017,7.7714588151819886,0.9333522037033569
7.5585015259083015,7.785882107493806,0.9358630293207555
6.932077035289828,7.787419274331992,0.9368265387021386
7.476716681245514,7.78516379726991,0.9373337211912972
7.7099485855616745,7.788839117019998,0.9385551136009099
8.340618579863197,7.791839228915554,0.9396958110072159
6.3595565592371095,7.793507861691011,0.940676398906105
8.180644042403312,7.77793355539845,0.9395743734921328
6.533143380970342,7.79023445999033,0.9418393462128309
7.54765336177427,7.782630356427438,0.94169827312772
8.601061719192547,7.787114017546972,0.9430195075249383
9.767894973366253,7.792622787809813,0.9444658818825493
6.942244160183657,7.8093624639052,0.9472756668717007
8.61421920036511,7.80496545721201,0.947522806505538
7.1360158561378775,7.8105490513755464,0.9489817097421289
6.6111993907640745,7.807688325705615,0.9494149004058029
9.271475000386697,7.801985752669211,0.949501666099843
6.877212378202501,7.7995102779597145,0.9499803518554932
8.42658909533027,7.794848369183942,0.9501920162035226
9.035971776708093,7.79615979292996,0.9511314947374552
7.961918245512711,7.804313699817156,0.9529067027476749
8.546651758238756,7.805445928502478,0.9538254924630029
7.960577391058476,7.8102031728274826,0.9551878480368011
9.002131979818634,7.812816843357301,0.9562887816269338
8.329520701202426,7.823482645573004,0.958376624082693
7.747620716159966,7.814292797713709,0.9580322969997007
6.945568415765437,7.815456756368714,0.9589565440064411
9.12003352869945,7.818700727129228,0.9601364492914692
7.143292423506916,7.832209700364632,0.9625785721748134
6.45507710595281,7.830376421751857,0.9631362998754783
7.716615391950886,7.823582321700336,0.9630829838013113
9.532365142384132,7.817695456287509,0.963140080214621
8.262136284720835,7.829596970271446,0.9653893064344693
8.236795290753218,7.8260101435929075,0.9657296517193649
8.018093870700552,7.829743070726969,0.9669732692347807
9.894519712553945,7.8333745727129545,0.9682050971873212
6.734139932884446,7.848250710177515,0.9708286128489587
6.835978331044519,7.839185280981455,0.9704911377855041
6.563400588271568,7.837416927863859,0.9710559573623322
10.203381099597902,7.831382348446752,0.9710914112073973
7.077117159164594,7.85172322242145,0.974398851902502
8.322525465064588,7.840655596224354,0.9738094250510648
7.6607410676457475,7.845417686294311,0.9751854184063828
8.016210651064391,7.849572412342906,0.9764868080954575
8.211634069899496,7.852826186122195,0.9776768601722133
7.205863220184165,7.855925784665419,0.9788483527693113
8.883577792199116,7.849067150648007,0.9787786736858065
7.683113297012469,7.863964935593116,0.981422823962021
7.9591014940269655,7.860926787338051,0.9818297557385226
6.153449451930819,7.868862045253552,0.983607755656694
7.460705431335862,7.861529246255091,0.9834773087065121
9.274680217910358,7.854447309701717,0.983376803174655
8.243998822553356,7.850796315214875,0.9837047782964239
8.405711146416364,7.858465611870427,0.9854515877285517
9.521911041902053,7.857093181413622,0.9860651942674096
8.568366555997908,7.8723569369547235,0.9887680312815134
8.486598320765147,7.883616429952848,0.9909705852450731
8.05279482430135,7.878349842741094,0.9910964102168296
6.211526849540342,7.88497733623102,0.9927186466314856
7.527976145017486,7.872699201185557,0.9919600993493802
6.054978045212957,7.86313675678875,0.9915415450310615
6.165872566411982,7.852801665093276,0.9910235701347715
8.103999796281979,7.8390943947798934,0.9900776220607005
8.460609714448227,7.840001826175677,0.9909762308286056
8.281752302160044,7.836272169552337,0.9912884294483706
7.132646563274639,7.8359585797485,0.9920323561961599
7.472854097965313,7.832334976492229,0.9923568415215654
6.675313596387777,7.835346385759486,0.9935219217143028
7.957833268510661,7.819956043677234,0.9923524219426411
6.660513698972127,7.824884238263832,0.9937602982595066
6.480923156202815,7.825960524738937,0.9946795826943188
6.041226004168482,7.818931787958074,0.9945681234282671
8.425592328834488,7.7968299952815,0.9925364583993349
8.584377261961274,7.797950554003274,0.9934589005800172
7.3669134689129026,7.800348204434241,0.9945443960653657
7.2250111534762445,7.796236296041774,0.9947997513749303
8.266707946461588,7.777261611724217,0.9931563078171826
7.347814747593896,7.786851854528864,0.9951596670087888
7.984260895233187,7.7898612767654445,0.9963232572983004
6.799701411816573,7.798380491479395,0.9981927029093626
5.669007874328688,7.774342842806625,0.9958933181635287
7.836480123878761,7.766769216132713,0.9956998135082138
8.922757849833584,7.7634368722564195,0.9960489507104986
8.025242713649316,7.772292089045342,0.997962304233422
7.6870965556796005,7.772353120515613,0.9987473759862563
7.806872126606187,7.768834172598648,0.9990720745961861
7.888100300067944,7.772640902307876,1.0003388841270238
6.153865508436282,7.765585462713721,1.0002074075975274
8.2647753524915,7.756571325881797,0.9998220439061638
8.681751751476968,7.758691230894751,1.0008711687854228
7.479138538929977,7.774580748717435,1.0036983746594208
6.965354054713897,7.774696482985653,1.0044907856017464
6.4361052146343045,7.75881067056791,1.0032142197044307
6.5443737664426935,7.747414323222213,1.0025154134249543
5.90688231835342,7.735324159851617,1.0017244787007844
7.947256058766078,7.710641965772566,0.9992991987641244
7.937816993242647,7.706035429717082,0.9994727952343057
7.001011527110953,7.70197021929924,0.9997157344650414
7.811145379514637,7.694788839223871,0.9995530702151809
8.46018322707102,7.704947468021425,1.0016431708427853
6.2745837020497435,7.711640770551841,1.0032844642487944
7.994509166115217,7.712851940540611,1.0042133226583876
7.611251259967305,7.724361314613736,1.0064842792941697
8.308858346748119,7.720933294641164,1.0068097016212079
6.575528016394308,7.719804179225279,1.007434445388899
7.690510020392188,7.708486369363251,1.0067283198388406
8.355592791145137,7.712192412844964,1.0079835483588369
6.776609275913387,7.718423360786615,1.0095697755908892
6.163134641737865,7.719028945785277,1.0104208890032929
8.334943448658393,7.707705441015314,1.0097094127730062
7.893571221662651,7.718924957360459,1.011951061909956
8.963570818750538,7.727907268552771,1.0139014336341237
7.503764814727659,7.7470328395386865,1.0171854118314296
6.0637054953037515,7.740668761275881,1.017123875231651
5.503457739736032,7.724485097348889,1.015769790301379
7.879259084676634,7.713830908934767,1.0151401476158153
6.852374957806742,7.718234543977486,1.016491489441835
7.138534378660842,7.708681026210156,1.0160041592544986
6.792387604057719,7.7073191253100415,1.0165953926283946
6.711627147678385,7.699370633817869,1.0163169236639589
9.635796908691798,7.698831284652696,1.017015612702621
7.486695295510048,7.725983026034794,1.0213749560418
6.584171047154129,7.723615406214454,1.0218343182421723
5.2170837720952346,7.707447198119362,1.0204660090310036
7.115825640685324,7.690591794682894,1.0190034127954835
7.819412931144038,7.6867187836584305,1.0192589107131078
7.694779606090646,7.6868087048521305,1.020039515133878
7.8743687763388035,7.685425495901436,1.0206245058557106
7.71369305986553,7.696454177015968,1.0228587601254224
7.339159699058964,7.692444638451318,1.0230951369140253
7.18405335261143,7.682582187026329,1.0225516890932043
7.8857128782885155,7.680586436856516,1.023054113389288
8.449221202180274,7.686877322113466,1.024660747037725
6.94056778918261,7.700532276280748,1.027251005655852
7.625973771012302,7.702947368819405,1.0283434737373907
6.0406994503652225,7.71339625468664,1.0305097396261351
7.011785170098977,7.701409022681006,1.0296783863324506
7.24037130329614,7.69512932101664,1.0296083031520264
8.068315702469311,7.696679259713002,1.030585352875571
8.18235839809726,7.698532913829423,1.0316034104531426
7.84381457219018,7.696433896324499,1.0320917854971152
8.497810767672448,7.7064517879003125,1.034205829936222
5.448921324529978,7.7101794014736456,1.0354770936179105
7.915150081403392,7.6974400923128785,1.034535948406851
7.29481526219592,7.694536020193975,1.0349150947160897
8.029391753713051,7.699068235207629,1.0362945844589468
6.204111469571011,7.701479868955119,1.0373893383482546
9.024506833283686,7.687214800436329,1.036236555098817
7.575435049560949,7.70337458374569,1.0391852313472938
8.959906234590054,7.712093067481388,1.0411325641099873
7.638353879310339,7.7169170259022595,1.0425554901993952
6.053795278161152,7.7151505630294475,1.0430883561215814
9.32037371415055,7.695468398481836,1.0411968743145925
7.761241362900697,7.709275205429075,1.043835862815097
8.189101250999945,7.719749152499683,1.046026010163707
8.577488083574,7.735943639402205,1.048993957502939
8.06568148931785,7.740950627243604,1.0504470001169572
7.8023128043799845,7.748787229981469,1.0522853058314834
8.922261592357753,7.753055144629422,1.0536401941551385
8.914815663833464,7.767325901013437,1.0563563225378274
7.789387336923846,7.7817955890066,1.0591023796637982
5.99092863790793,7.768279651317229,1.0580396885094068
5.915862028440082,7.759716881872635,1.0576494109992403
6.029479128319137,7.756146939269192,1.057938442516318
9.124256806376259,7.760050738348099,1.0592469257845156
6.784145377055916,7.773863960955384,1.0619098170665056
10.037073611299302,7.767485006418291,1.0618152003773806
8.069836757018777,7.784912297055327,1.0649760022371688
7.815171948774454,7.786207842654225,1.0659318536593636
9.224774134919002,7.786862277176326,1.0668001319731566
7.9226881593506855,7.799745499560089,1.0693451079896883
7.474870551380968,7.80430821074959,1.0707510865148437
9.554185198002834,7.80173026024197,1.0711775647312225
8.496937596981882,7.809834149273224,1.0730712121101411
8.949787791574213,7.819535089051117,1.0751860747445285
6.5243178378136495,7.828313419845275,1.0771759265707097
6.110018050034779,7.830730814391332,1.0782916331416863
7.562304183269041,7.826018137360242,1.0784252993282413
8.358018225894465,7.827918761671451,1.0794699972344932
9.614943561485886,7.829813108892439,1.0805142090271567
8.78609162842124,7.839901859913411,1.0826904468540421
6.65880581227352,7.846052298190407,1.0843244276099142
9.282561445055107,7.835085821752887,1.0835923691484244
7.636035235186681,7.857181956834924,1.0874339828259534
8.553203550259125,7.855500906756841,1.0879868755858226
8.109349637853272,7.863201350389815,1.0898397071640284
8.451390142820577,7.863697574933324,1.090694853643252
7.52689065189002,7.876279933705786,1.093227654798363
7.725665955314042,7.866824928116943,1.0927019825154434
8.108683035931811,7.867705514732808,1.0936110665478604
7.411061431346871,7.862126585216383,1.0936218080035989
6.978966919378838,7.860808593720019,1.0942245562458266
8.162598045476729,7.86544675061332,1.0956567323604356
9.560695773319443,7.857648236215414,1.0953561641284286
8.468165079506255,7.869632163387446,1.0978136867925488
8.87175892589667,7.871407104602098,1.098848431802453
7.872841891261102,7.873364101903024,1.0999089650358524
7.576655399470427,7.8721931475574385,1.10053260202853
7.6769595013847995,7.8708693725839005,1.1011346252244876
10.111524499129711,7.862947893452357,1.10081270508333
8.840488092642786,7.871669842576719,1.1028209449449984
7.027070456527519,7.878314413161783,1.1045396807252819
7.570466082545792,7.883411800186214,1.106042675566126
7.727735181282738,7.891787969174821,1.1080070308721448
7.7947194347441435,7.900483261353247,1.1100178982201314
6.497614210708833,7.89211269733808,1.109631045245734
7.222009148777467,7.890689597159752,1.110220026320377
8.576620392029389,7.8723410642078315,1.1084256218404627
8.969476435304315,7.875551269762033,1.1096651739094705
7.707628722555269,7.88288509707251,1.111486798687224
7.296035859927496,7.873149453747816,1.1109013879238168
8.311732454150055,7.86951089509941,1.1111749383880365
7.8829143376164525,7.874547792686736,1.112673603106636
6.727414715367728,7.863403148302329,1.1118852051699493
7.521494280439617,7.852989045914411,1.1111979499968894
7.517120353215674,7.84380513221761,1.1106828067220136
6.8110460612746575,7.849257293766739,1.1122397585267467
9.096246736008483,7.85278407456363,1.1135247817731229
9.118074227703572,7.8626668231182295,1.1157124222004768
8.458370332716118,7.867765640380891,1.1172227209340866
8.883120324074508,7.859729870320269,1.1168676145725103
6.340778308645174,7.860391380312565,1.1177476542804468
8.189815843831967,7.858795442206997,1.1183065914260557
7.6060160364358635,7.851391785678099,1.1180381902805614
6.198696184606398,7.8512136852103485,1.1187979501424747
10.385073789920634,7.837600431056836,1.1176418214687047
6.5582282433919055,7.854072645622939,1.1207761665303932
7.5614112026583,7.842981326041706,1.1199777333587557
8.374629100542894,7.843185739826716,1.1207912422212378
8.247377953292954,7.847277524382638,1.1221606859867173
9.025035945048254,7.848163695307618,1.12307222479852
7.946608308016112,7.858468543569313,1.1253326954391256
8.048096868264615,7.864034589386796,1.126916156659128
9.218745378713562,7.863320981394677,1.1276002287319968
5.902800466795313,7.8608482000892215,1.1280317167128033
9.350216189360678,7.8465323550363255,1.1267620461832164
8.465049711967287,7.849936386077271,1.1280358586793038
7.319292856731964,7.8537005494015,1.129362139003936
7.6603083313024,7.852210783117782,1.1299331316906487
5.374167888497453,7.852111461791122,1.1307040504979216
6.867110072543834,7.823164119306256,1.1273179495920316
7.081374691601821,7.810676724501001,1.1262995836730443
8.493803608297249,7.810987260261443,1.1271254616557265
7.9870600436808346,7.816980349916248,1.1287719625279062
7.525586233939353,7.81862065720365,1.1297906849659276
6.238492784503641,7.816961027368466,1.1303325645574802
7.382948068443236,7.815630677611637,1.1309217590504037
8.572649711946902,7.816578376319613,1.13184054889108
7.716236833437441,7.816550934074393,1.1326182303473795
7.303608957698555,7.808087816104083,1.1321727333350922
9.407748481973789,7.805619814317444,1.1325954350574612
9.481051361523889,7.819889348700333,1.1354479334312884
8.62643554446027,7.828211463519114,1.1374391256493275
7.960996716951071,7.833089158975809,1.1389311637150825
6.966295541009349,7.8402459847243975,1.1407557907774
7.512606218724191,7.837075224655511,1.1410781527098424
6.529422484340413,7.837048437113428,1.1418579572874266
7.099283848245283,7.835563953135921,1.1424252243672173
7.562482697196852,7.822692875551009,1.1413308905428923
8.2656542688182,7.812245180689198,1.140587796380623
6.249070571284839,7.810939830117153,1.1411783091801162
10.197446895977198,7.79465402110094,1.1395784178849575
9.33843467695101,7.820588776744901,1.144152138037779
8.031752677976712,7.828637500521538,1.146112530076353
8.942303283068622,7.831284822484111,1.1472832264939223
9.405443433212671,7.847646765738769,1.1504650158573038
7.965437017187401,7.84004386016266,1.1501344342858622
8.339634164050747,7.848057056305607,1.1520947758656632
7.943188134363838,7.852877806315447,1.1535877497477391
6.463354122835456,7.850138019651669,1.1539702888887955
8.634476574924163,7.839858006336469,1.1532431127320946
8.33568239604369,7.837138756912,1.1536268250174464
7.915214177588991,7.839636680599287,1.1547784830522752
6.343730791332855,7.838800958472274,1.1554392612788131
7.4893507571769025,7.821008804023541,1.1535987985934724
8.60202615140631,7.829497454080867,1.155633824222336
6.6818957906817795,7.824139660298964,1.1556254278261568
6.4674116757891005,7.813278164846356,1.1548025127642916
6.7635587928505325,7.8085181411372595,1.1548798330742007
8.366831546614128,7.80324948194591,1.1548809233279949
8.277015159200717,7.819904550279901,1.1581278638964534
6.535439164585963,7.828444140015153,1.1601754215502458
6.036840961269324,7.825479237440425,1.1605185709124153
7.0209350566027835,7.811116538067298,1.1591696942491871
6.942788956176904,7.805223895121657,1.1590757484255663
6.668776110883735,7.801781037986961,1.1593446622448624
7.612047133584028,7.804049991672762,1.1604622337617396
8.477143465332126,7.805450899498952,1.1614510938454443
7.443153588870759,7.804787109399386,1.1621328005895686
8.473762392279545,7.8030975726413425,1.1626615383235601
9.14110582688907,7.810610390031052,1.16456200915363
8.923232045465266,7.808603250824251,1.1650436050229782
9.872612978029021,7.804424116508482,1.1652005205947162
8.435577050821756,7.8137841382519095,1.1673793502548353
6.8422059584889,7.816923906118452,1.1686301239647088
9.312634231389822,7.8162333723904105,1.1693085125096054
7.479618713377767,7.828368816577888,1.1719068118417098
7.9339391008065805,7.83365638073258,1.1734817258337404
9.601898446202478,7.838615085771602,1.1750084013571631
8.124544204107577,7.852320342752473,1.177848051412871
7.127030660861867,7.851420600386415,1.178498232118001
9.767650012956738,7.855980812725402,1.1799683180713554
9.608056630026747,7.852650780211268,1.1802534122657535
7.159858215521307,7.854634545572305,1.1813370356540747
8.025718646522277,7.849482715468719,1.1813471486780425
7.361073535822704,7.843399445972026,1.1812159565633873
8.649856233316275,7.82986021738648,1.1799599347601426
7.4130764973638925,7.834372382113996,1.1814233552227904
8.8954000444848,7.828577283410873,1.1813323120667008
7.097193096113418,7.834941554240854,1.1830761746903689
7.275914261075636,7.838336609412718,1.1843726616822616
6.447838801791353,7.829776653666397,1.1838622300343593
6.353044908015105,7.818614792492463,1.1829564181041097
6.458145206212232,7.809610041536979,1.1823749602886988
6.6412768676675284,7.810204271807642,1.1832459471788577
5.629824805520078,7.8053320833434405,1.1832883438348656
7.576392643742642,7.787942160232259,1.1814308257072337
7.503016949262645,7.7932173720909175,1.1830103970834012
7.9438880391699485,7.799167960179826,1.1846936131513157
7.122302078296322,7.8062615094824315,1.1865517494413296
6.560696685419712,7.798381513268984,1.1861338281682126
9.049522735805798,7.787875204277519,1.1853146060910384
7.070005389699017,7.803994617921221,1.188548380309402
6.727499018012076,7.809505721627089,1.1901686719759685
7.438328728397902,7.80786703000254,1.1906997220753872
7.1769945693130355,7.8107599022816325,1.1919219610881773
8.852366753112417,7.8136081581846755,1.1931379657548
8.662524967441604,7.821828440765601,1.1951753857489837
7.78148476573215,7.82310140274773,1.1961522044801278
10.286468904199827,7.825161614157411,1.1972497269660838
7.6314598239155895,7.838657681746595,1.2000984910754038
7.391437612660075,7.8286261942985655,1.1993455329665403
7.373998478720942,7.818625748189789,1.1985953271974945
5.880506245126215,7.801143076585354,1.1966953479481934
7.026811612856476,7.786059476450322,1.1951601296351244
5.747750364979071,7.787122681764184,1.1961020439189787
8.631561173377598,7.764587487615408,1.1934170968464883
6.1144832639008495,7.772435061974391,1.1954005125316611
6.132780008460419,7.761610963893259,1.1945119273431726
8.361168575448652,7.738095776769101,1.1916667496224416
9.659241157873916,7.739794747616646,1.1927023706077253
8.492592377754427,7.758122867915716,1.1963025462326036
5.155436355159545,7.748125272805245,1.1955357295938494
5.248781922377571,7.719346587131446,1.1918671130530953
8.566213880125746,7.708758200319554,1.1910031419493712
7.2949114615002,7.712775599932202,1.1923951077495185
4.896159648484099,7.712341986830666,1.1930993053627041
8.980769096373924,7.689336620508204,1.19030930885467
9.25081264517417,7.701030631235524,1.1928896447783828
8.348851309976002,7.703943835667421,1.1941112945284502
9.069033639330911,7.7126261604796085,1.1962283174903874
6.709924771448565,7.725646173979749,1.199020286201657
9.883921659096776,7.7271670368427605,1.2000290408216807
8.118905756418606,7.752118274447376,1.2046791798491223
6.203499209125461,7.762470283736935,1.2070641291210933
6.902464983858875,7.760075302687983,1.2074677170982502
6.860712096289226,7.766853364219185,1.2092990688089271
7.017575866753091,7.762467554548297,1.2093924449986246
9.591795823793692,7.759464411558896,1.209700501762032
7.820612362203076,7.771719015092587,1.2123881663544436
6.894516919889943,7.77610751169118,1.2138503825749933
7.914734921898993,7.77799061305151,1.214922133758646
4.730303649401206,7.76989466062399,1.2144345354555297
7.328154273093683,7.7581679709321705,1.2133774706537916
6.712362020105166,7.761768486564981,1.2147167681474196
7.621577086255235,7.757385678131585,1.2148065971954063
7.6171301622413745,7.760194810783037,1.216022526849702
7.932258365281254,7.751482946918818,1.2154325260768706
7.809849572385569,7.746257047452421,1.215387730745285
6.802246559293608,7.746448237333923,1.216192373261426
9.197843640036508,7.720373173439767,1.2128706255473876
8.164636353078437,7.732001610102042,1.215470653108041
7.4394561232004115,7.737262782754386,1.217071435727265
9.55627931286065,7.737685718458493,1.2179117320853667
5.505037213259039,7.762128624114947,1.2225352582981042
8.750808857097164,7.753980004584611,1.2220272487225348
8.2807147391948,7.772487719944881,1.2257213134353078
8.987058418998311,7.769985567204645,1.226103722504893
8.510397883644972,7.788135857793918,1.2297466519456597
8.809511891071356,7.802468195199651,1.232789974841545
6.341438782872996,7.805609766790918,1.2340669041296444
8.248237114914177,7.783742451005217,1.2313880557490255
8.52940081818842,7.7820374192749275,1.231896523471221
8.469273783849337,7.801115509061664,1.2356966966353677
6.576360635171025,7.819035437699221,1.2393171168753265
8.524880724251531,7.806848333309287,1.2381661456628532
7.894031048723471,7.814735302081146,1.2401984924402778
8.646871241610846,7.830097504001965,1.243419483635512
6.888196213994622,7.827754633310588,1.2438302112330524
9.926121348371797,7.81244234081812,1.2421783321900812
5.455233078566991,7.8240392304622235,1.24480464156654
8.067046473619303,7.802820431956394,1.2422090127674579
7.532984308172146,7.810980789032917,1.2442892396929437
11.503088999048897,7.794247755803882,1.242403092275139
6.885462437104074,7.821245198357834,1.2474886091380746
8.013830208306468,7.824819294127341,1.2488411593427238
6.004082088178471,7.831423294690342,1.2506783001620478
6.779706527279404,7.827037946085609,1.2507606637844804
6.3164389743527085,7.82572823048594,1.251333944054702
6.548544177331216,7.804701687095011,1.2487522699352018
10.4954313038543,7.797219535436587,1.2483348476233977
8.63071341530842,7.822623043076221,1.2531842115008107
9.153196772557202,7.827357041567175,1.254725333763218
8.66325514799183,7.851543090804893,1.259387511765105
5.788744756598481,7.859817196154426,1.2615006599827854
8.952449413464155,7.855351031565968,1.2615693756694946
8.363983363223653,7.863865911386789,1.2637232519598571
7.500319954807642,7.868443264038493,1.2652456768573896
8.335649934195866,7.865889426505066,1.2656216087246652
4.52814332574712,7.869140702191153,1.2669316530527757
8.693818600136652,7.859239707087585,1.2661235168118101
8.561310703098126,7.855751231730252,1.2663470985549166
8.284053149233598,7.858319011186083,1.267546856504315
9.51784656900671,7.863438919656083,1.269159041632492
8.01520836701759,7.863156978078334,1.269899851959651
8.539470700972121,7.876127061421981,1.2727821331257922
7.588482580528275,7.874738635012861,1.2733452372815797
8.457731679546072,7.870553015233305,1.2734554778647489
7.6725862020267135,7.867021032497345,1.27367070516132
10.740777154318515,7.861812303464758,1.2736135931612909
6.08304688159884,7.876250548673754,1.2767402139400157
8.691573876336115,7.875030969591821,1.2773300232677933
7.361123838898079,7.87788159831373,1.2785801834063184
9.485752411467022,7.870820113524087,1.2782211864363118
6.614495599022266,7.877762713026177,1.280136440866754
6.836428571700601,7.877953384641405,1.2809552203426926
10.150400271932979,7.868074481699253,1.2801357181724686
9.537561229550235,7.88353876094367,1.2834401102816293
7.001889584801252,7.889624687789929,1.2852198616409793
9.09776441963081,7.8902161012095755,1.286105224497161
7.9241433300804935,7.884298799451432,1.2859291341905288
6.618098496219622,7.896662435645792,1.2887353094973935
6.686391690224193,7.888715887147135,1.2882273043711272
9.706332563073612,7.884192005708604,1.2882769737327857
5.448729873219744,7.869734526697057,1.286701595114969
8.218921114780564,7.862939690114198,1.2863769333026829
8.626176194439637,7.864219746883901,1.2873727725648947
9.897417624239967,7.878852688822523,1.2905560704291292
6.727284992992308,7.898349973092108,1.2945395605897965
6.026902601181462,7.900338077050995,1.295655444636363
7.872075955402322,7.897903907329231,1.2960460311927269
10.111610954608938,7.8798401601952675,1.293869754304063
8.967370766203961,7.890285132443277,1.2963738472604305
5.684391722967162,7.8890237555495135,1.2969555054123398
7.662396399973613,7.8728737005096106,1.295087723733831
7.50910854449194,7.882428595151611,1.2974477467619554
7.398943947300293,7.873423286302753,1.2967528152540635
6.246800685370937,7.867614862310908,1.2965829293088376
8.647272255089186,7.860993948141726,1.2962779020485704
4.989692314448808,7.863031985095357,1.2974002775407338
6.709150698508489,7.864720550485714,1.2984653628851917
7.26053481509991,7.8529105601631635,1.2973008245389548
7.2698844872481505,7.844880358277306,1.2967587232232387
9.725583714901589,7.838681557965383,1.2965179296874743
5.1007687239616875,7.840256115555006,1.2975623871243536
7.619467160397268,7.8250973697951505,1.2958361244380772
8.478393702735524,7.81913939286247,1.2956313973973115
9.458598303994195,7.8248703075844706,1.2973634969975052
7.17540814153006,7.832011580541119,1.2993307212117715
9.400767853323197,7.829077870218459,1.2996269264562643
9.202258319549454,7.818278005217869,1.2986159766666883
8.421301086700323,7.837277918664073,1.302555590081969
7.528949561351539,7.835450510737644,1.3030354199356702
7.588648643762928,7.83643826278533,1.3039833269274788
9.320476580614041,7.823558481847479,1.3026224872276053
7.43827858854359,7.8406675863976325,1.3062552198938457
9.098479879699731,7.844041732818485,1.3076017568608416
10.443778471346345,7.836071078797318,1.3070566559433927
9.32743451986528,7.8432019914480025,1.3090304123726715
7.085648752183182,7.857993677015554,1.3122849440615976
6.246200607507934,7.845323339148712,1.31095352997175
10.751446921880987,7.8359691414754895,1.310174040454702
6.775807145842195,7.863951343228663,1.3156390597221554
7.488463010186237,7.864413891939903,1.3165028855107397
7.881913607215645,7.849654704982435,1.314817163084558
8.827779880512102,7.862221731801514,1.3177083622499337
7.4441301467931185,7.866209878180658,1.3191633965708967
10.367763587936453,7.858898593993512,1.3187231840721114
11.004904872311773,7.8625738982132765,1.3201261575100092
9.518701894275058,7.89134977194151,1.3257467616861738
10.535499220557014,7.911446069966087,1.329914084361299
4.469651790305004,7.9292561654066125,1.3337008870213924
7.4561157957277855,7.899188084029453,1.329433354542157
6.791922619019053,7.8899360588063,1.3286652323029808
5.8170303240107355,7.89509743133339,1.3303239171796764
9.85265746850156,7.885786847709651,1.3295436625238473
5.4190692197566666,7.900971773453515,1.332893938181608
7.701243226304643,7.891527705094568,1.3320898766199631
6.0805069360304485,7.899084211083454,1.3341553232519954
7.502650616481295,7.884956921992693,1.332557719816765
9.017162229158966,7.89670272824261,1.3353324313458252
8.153839440211556,7.910113540781023,1.3383912111001492
7.221189371921951,7.915154483161035,1.3400356539991634
10.10606937461177,7.91489677153363,1.3407835130977968
7.679741077516495,7.917649119984269,1.3420415258373337
7.331096599746877,7.929583761810919,1.344857406003132
7.112764448693913,7.928030762705556,1.345386820431133
9.754118360778193,7.920325574310238,1.3448712825178784
7.038006039768994,7.922386083411736,1.3460133955716538
8.218106406886443,7.921677816395721,1.3466852287872726
7.6215978353812535,7.91408951855651,1.3461866271064624
8.412797029627969,7.9043207850477275,1.3453153976151233
8.489511668760022,7.904267937529677,1.346096829761304
5.729518069564268,7.909932100730731,1.3478524299645165
8.267937177586989,7.900801578132221,1.3470866690715435
6.981350371679649,7.89392006483421,1.3467027630607162
8.44049534120227,7.891459411952514,1.3470721216202943
5.8640478741782225,7.887134857668953,1.3471226336898572
5.40571360918678,7.858686333827781,1.3430494944511677
9.623604500708105,7.836108534331267,1.3399745593706465
7.417802773894531,7.852729194185003,1.3436019651250541
9.051589037913217,7.858932361181766,1.3454492202343185
7.7072146258356815,7.845843782726829,1.3439930399811058
9.594937686661874,7.851109388374046,1.3456801491673114
9.294717598562553,7.865022122041157,1.3488512939300583
7.89103969354494,7.874296158712182,1.3512292208350105
6.379217862537668,7.868320878697149,1.3509906948723005
8.904120606397807,7.862671705837942,1.3508069990629585
7.804854615475097,7.851756992318773,1.349717026979597
9.39821859765791,7.828059577392176,1.3464262473114543
8.000640846838609,7.827151147429316,1.3470527124725853
8.093924588524374,7.808237072047375,1.3445784238065581
7.407445613701249,7.8265717163791875,1.348518306732134
7.307560743235213,7.82628303974869,1.349251196052674
7.979045280125329,7.829180432495042,1.3505336246053945
7.794844642675065,7.840980365929392,1.353353211159413
7.501151255191918,7.826595210495331,1.3516529928525438
8.147923924095938,7.837271008969868,1.3542804303499931
6.961608974070978,7.840061714058821,1.3555466703607701
8.24947651870605,7.844575056569679,1.3571114847865542
7.094828066745021,7.849174484146368,1.3586921032057364
6.644405017333334,7.83701929554643,1.3573717419886417
7.52280310141505,7.828160545549267,1.356620222543688
7.577204049313908,7.8299304706479145,1.3577099436103484
5.789379041832253,7.811987964370053,1.3553799118182042
5.917503395229596,7.8016263122208045,1.3543623278015318
7.8749318061364955,7.793935714387256,1.3538066335890666
6.327669144621657,7.798633589037192,1.355402517774664
8.612809908378468,7.775765420659892,1.3522056066527552
8.010619116314581,7.786058714362622,1.3547742162990961
6.5649532439215,7.784658683670527,1.3553090768270388
7.180454751183179,7.778402214377185,1.3549976657445058
8.365575057933189,7.770324215017956,1.3543675106776298
6.596713881899825,7.7694421243905625,1.3549907064937141
9.252279361837617,7.7739476238477705,1.3565538603614358
7.158350786332167,7.781174204170184,1.358593016048114
6.331702701261883,7.7822186037458705,1.3595535900744038
9.206625744939013,7.769140609033092,1.3580457784589846
7.718827107536354,7.790204438084561,1.3625067562209896
9.567803353073241,7.8026876042706945,1.3654703307473715
7.0718418149768425,7.802249899945295,1.3661739574804213
8.819797678209866,7.800198472635508,1.366594772405741
8.050588242046278,7.79850006828802,1.36707706197089
8.095457840534763,7.800717934506588,1.3682459257124555
7.556897688559736,7.789797533174922,1.3671094670721988
8.485650348387885,7.777601294674803,1.3657467873448956
10.016510042145,7.781673268463105,1.3672399932689676
8.380745232480212,7.806255551842584,1.3723397260139265
8.872216882145226,7.8025652092309254,1.3724712203037197
5.181769111304833,7.809813668245066,1.3745272056111315
8.406004474759458,7.784554532602558,1.3708600531913104
7.404448784388154,7.787318132982945,1.372125455031595
9.31805553935106,7.782874066834117,1.372120697982855
10.298068560436786,7.796105762828832,1.375233056563006
5.684900396863581,7.817531215067237,1.3797942594593673
7.1984488339095005,7.804830113481513,1.3783329980408352
10.905873165533443,7.801177279489765,1.3784680252858417
9.694426321879927,7.8265020880718605,1.383725569171105
7.903816424637946,7.8374521366538366,1.3864452829740637
7.291916874181265,7.842964832658136,1.38820477538049
6.812838593183836,7.837106541793744,1.3879515685516721
4.94621869695923,7.835556970771994,1.3884606952207974
6.909326563551112,7.827743417514185,1.387858907925265
8.70400855637923,7.8242087389371235,1.3880146302874456
6.811217687610738,7.83151905678091,1.3900946325786114
7.206762759163569,7.836618000670152,1.391783356919019
9.759784921112296,7.843279439633381,1.393750756422852
9.286210716514216,7.856237386595113,1.3968390073366113
9.957470540053404,7.873971576006052,1.4007795433714767
7.66973099036558,7.88342857985323,1.4032502872138748
6.300523818116604,7.881411718795179,1.4036794271174213
8.27130149091685,7.8801259548956955,1.404238445162413
8.489773918062962,7.8864802272297165,1.4061594245150586
6.338015677159993,7.887266602312587,1.4070883618525656
6.974426578163313,7.886009335683555,1.4076526664195146
5.471127136449892,7.872015367324449,1.4059419446041468
8.992944167193844,7.863857899219421,1.4052714065905108
7.02835448176487,7.879412634316765,1.4088389790158375
10.698830038594695,7.865938499628885,1.4072163975836076
9.302726296078944,7.886773108754268,1.411732386467014
7.214648967347404,7.884892135704733,1.4121841815047176
7.866547233351275,7.885659751112452,1.4131102273993517
6.393184216694519,7.879659464285646,1.4128229419464164
7.905903563256882,7.8705605261141125,1.4119785583848719
10.033223386649965,7.869401745773344,1.4125576133663151
8.037924503381095,7.885915581897736,1.4163104385088334
7.912485601731102,7.883130029773761,1.4165984663503448
6.9518880508000604,7.868804393220698,1.4148110299010817
8.84460039515795,7.860389410036649,1.414084054865593
8.468598318357285,7.860200666809427,1.414836120025697
7.3977972264569365,7.877361875177244,1.4187128737194217
7.175210678969539,7.871301046326713,1.4184084485480737
6.587563862393378,7.870025052333058,1.4189655169356505
7.501776528813247,7.853294475138485,1.4167343233149827
6.804400375203145,7.833769559066839,1.4139954054115644
7.837869937558018,7.839292868806808,1.4157762921065096
6.377024639367519,7.8430733377792174,1.4172433521367045
6.98603815085898,7.811873069925905,1.4123866510426037
9.162202923984317,7.7934115102041295,1.4098281421959271
5.857774687202208,7.802230002733873,1.412203630494831
6.607057045009708,7.79449034237932,1.411582201004895
8.855457615966083,7.793351932639143,1.4121553701942127
9.406359246555597,7.815362238020078,1.4169251737530402
9.312278120167575,7.831667039409269,1.4206644009488414
9.961984152824423,7.836007828242642,1.4222354208260395
4.8149899411420485,7.856680682406406,1.4267732119250034
8.902889184681587,7.845486220361386,1.425524846239664
5.494739783987207,7.839205439785111,1.4251675489529334
6.95060432302707,7.816878685066607,1.4218902328136158
8.153658788205771,7.79618360463325,1.4189054160432515
8.388546386305824,7.799328147856033,1.4202576557245838
8.900111821988297,7.811825205984976,1.4233145525304627
10.005595829345532,7.816187806622046,1.424891037147199
7.1700829994917505,7.827427153768492,1.427722712847373
8.645823566498468,7.831897828917334,1.4293213537774134
6.553965111784297,7.842205897476302,1.4319867968791729
6.540951164117297,7.847307620204611,1.4337031022113824
6.9218124935085585,7.83231043581751,1.431746347667441
8.710801613310684,7.831720643561801,1.4324217057074535
6.327551294925181,7.816285373261926,1.4303802233069325
8.322174309070078,7.7973613963393325,1.4276968716697316
8.086420600750358,7.80440563942617,1.4297671131428744
9.31726694275848,7.805835498667355,1.4308096469057263
6.4630765145616556,7.824375717289147,1.4349905065508297
7.067733596911224,7.816051116230982,1.4342453798283852
6.548284631734491,7.795391250884561,1.4312338336624053
8.135950746708989,7.786407085337598,1.4303629815765169
7.159950284794397,7.787895505828073,1.4314151939712
7.423800766326525,7.789112455231122,1.4324177805170035
6.615276628291008,7.779491979801898,1.4314265242835493
5.342852059903269,7.767731513471501,1.4300393716301032
7.815434816798814,7.7565904700633475,1.4287639645856687
8.715213691443907,7.760688901473832,1.4302949645416274
7.88245898557923,7.774468936443431,1.4336120718801688
6.940748138755769,7.776927581448408,1.4348431387772314
8.999053466494429,7.7777130885917485,1.4357658361540366
8.976132315524056,7.785870889060183,1.4380503532094158
7.737574010127662,7.80231782106236,1.4418683333323243
7.472809589617972,7.806830974652093,1.443483047213172
6.082908376480556,7.7953286506030475,1.4421358003615639
9.613479490659762,7.7964346662001835,1.443120056713654
8.286587953348691,7.81628867864069,1.447576663284256
10.234101089244227,7.812349919837478,1.447628440145885
8.776538446752712,7.81890776735923,1.4496255000684013
9.242745298060099,7.815003829294396,1.4496832103341104
8.121283686472246,7.809412928603502,1.4494270395488098
6.461788056875122,7.826624592664926,1.4534041868578769
4.912727957146849,7.81154744500972,1.4513855152828061
8.406655828679057,7.809091049906014,1.451710026177528
7.404297665505307,7.818129235024308,1.4541720377145213
7.065222825754244,7.8134271121171635,1.454078785565004
6.376754523413789,7.805125285499051,1.4533143281599235
9.123173307479643,7.789286385374283,1.4511440535952291
7.186900363915097,7.782271154603117,1.450615343218021
5.704365034637382,7.7823718481984026,1.4514123496890021
10.989506193851634,7.764612382282147,1.4488766705338485
5.174938852558508,7.797110472756348,1.4557205252636103
6.2370213183791705,7.790512358663136,1.455267708598274
8.162109010821505,7.786778054662137,1.4553488184163534
6.347075785789327,7.782926816401296,1.4554073146670423
9.211106404206948,7.783029952415238,1.456204904096891
5.944061027677994,7.789504332028122,1.4581952109556646
9.489350495642846,7.7769803363646774,1.4566284170011043
7.583725571532618,7.7783363246138135,1.4576602272326287
7.1136938181114315,7.784905808066813,1.4596698390125273
7.587587492446184,7.785176890612854,1.4604991846789712
10.061632977210017,7.791267799050641,1.4624209658818055
9.882104659091455,7.805648079525473,1.465900709334884
8.35165576734804,7.824372676723772,1.4701996259563967
7.588102129392854,7.830208636535024,1.4720792236685845
9.59900448025373,7.835686612739518,1.4738926518563031
6.323358327745296,7.860519246318073,1.4793497221570613
7.743440570943784,7.852349735102389,1.47859745511978
8.50695951336011,7.846111223084824,1.478207354429181
9.028513095960161,7.850107958299546,1.4797453501394644
6.850861073134491,7.863017226772096,1.4829650489692172
9.815021353249579,7.849831771011355,1.4812632551898428
7.853316154826782,7.855957931688542,1.483204857502797
6.173907456416945,7.856656825968424,1.4841224744254355
9.292294533701543,7.849770359609983,1.483606597966287
9.52976760277698,7.868824386796249,1.4879946915431708
6.161188564791566,7.868211262025005,1.488665570775131
10.429108413726667,7.856389413624569,1.4872145159991312
7.666126093703416,7.857948691425186,1.4882954821559302
6.403963466205756,7.850863847764439,1.487738699151361
8.743668092706383,7.833415613005798,1.4852156002258992
8.634012334840643,7.837566424230955,1.4867863506766121
7.518355114663242,7.850423849608867,1.490010446655763
8.757580272574687,7.86296390911516,1.493176846340969
8.292170590888206,7.865278602853086,1.4944029345420864
8.071311196823457,7.8706137528611455,1.4962036744189038
9.608286872973267,7.876411228528068,1.4980934156660386
8.395936236264475,7.89582978002093,1.502576407137983
8.272421149805384,7.891075281122949,1.5024607335258096
8.979864160868987,7.897333036176505,1.5044419433916243
5.538051555325572,7.915054784765754,1.5086094419763527
4.191341499253912,7.881596663501838,1.5030204837298007
10.740796803759828,7.878111628768947,1.5031436987691151
9.183207032974675,7.906675746711339,1.5093844000471948
7.671206692552825,7.913177215238789,1.5114168481106087
10.200777461906997,7.919945925045349,1.5135016662761662
5.58645744488533,7.926903502460107,1.5156239496703725
7.602660062320985,7.925414266237848,1.5161317491313004
6.144082695951607,7.913690329933314,1.5146803291492366
7.243927864464887,7.906436654837836,1.5140826194014456
7.183638975725424,7.907125205188497,1.5150051893141159
6.8489593641055295,7.904926337382795,1.515374378876282
7.681439436905494,7.8846799016942155,1.5122816051449508
7.800707960205298,7.870021986636027,1.5102572192354535
10.558317564341634,7.8666165037299525,1.5103903687161508
7.110811794601133,7.887066933562261,1.5151055579373103
8.406576624311317,7.8713285874286445,1.5128693545037855
5.698336703409758,7.882968001575482,1.515894746702965
9.863350887024911,7.872547144096466,1.5146780705241603
6.2094481435442415,7.881997409712946,1.5172845013697422
7.193270819450023,7.865649241838219,1.514924043978041
7.872151145641953,7.867492697057341,1.5160658427229496
9.936553757716778,7.854244180954031,1.514298278087937
6.945700734717909,7.868524961605092,1.5178384650936225
8.946651947038934,7.872391523813052,1.5193715640959191
9.617485201670808,7.869985981227882,1.5196942929751038
10.417508187337276,7.870627430661244,1.5206052196037525
8.411033704130856,7.897211962234263,1.526531072299883
8.26882567357063,7.882975780713878,1.524567515990064
11.619915715318992,7.886590990385239,1.5260553566395438
5.653055092216746,7.921306122594214,1.5335648653342397
7.8958267662268105,7.9050259448390525,1.5312035255153245
8.632948618953717,7.900514618090445,1.5311197329859283
9.427403620128512,7.9071632098345885,1.5331989463869269
3.6415440604298803,7.91163688086283,1.534857554887389
8.683600854755184,7.891089281546718,1.531660429548218
6.6172528147752825,7.894919385692947,1.5331933447015704
9.402727803550569,7.876669613573032,1.5304369059172402
7.91643506204256,7.883446969756648,1.5325420909206924
6.341886795353609,7.8812723476347,1.5329074716149491
7.427639096645414,7.865886440870863,1.53070150139347
9.294393759439565,7.875240900762235,1.5333094033784074
7.512818109900012,7.901058314656019,1.5391261596949926
7.932234609908183,7.878994746401177,1.5356160760735895
9.370347412421284,7.870855237963239,1.5348167714028316
9.184446103035524,7.881847332591214,1.5377484145885458
7.612491844343512,7.874381409149686,1.537079251066019
9.657751735439938,7.884501545590292,1.539843151853784
8.528810694278052,7.89776945699139,1.5432241518961178
6.776642847488012,7.910687265197738,1.5465393603461577
6.192565849573779,7.908281229425255,1.54685980847558
6.719518794095359,7.903394972305056,1.5466943960800992
6.851189188201929,7.90274582735296,1.5473576329957095
8.764411305842511,7.898274826126472,1.547272038438176
8.747608756348193,7.904186037982206,1.5492204634445124
10.012952033338328,7.891195935125974,1.5474635228782034
6.687086211545704,7.909612537943766,1.5518659799445669
7.346678680744361,7.9000368275304025,1.5507772292442181
7.302486040216239,7.907976895289332,1.553126662234825
8.032899539693837,7.891676592560259,1.550714450438091
5.908358564128354,7.901338534531828,1.5534031558889574
7.385357764832802,7.895086115962485,1.5529634390098206
9.331512740043179,7.892315109493394,1.5532076135483
8.073438564126656,7.887950136611807,1.553137381898865
7.856489636523152,7.894285674688041,1.5551742779135442
10.30239094162864,7.887431986334784,1.5546128445065859
8.77084454832797,7.892541027067362,1.5564090905376837
7.242884415037587,7.880668831642969,1.5548559604831578
4.047840538660456,7.8737330464265005,1.5542749033645913
7.741017148743934,7.853747280034682,1.5511150878068498
8.875459949199183,7.824153118624777,1.546052656240256
8.192574492526633,7.842704666888754,1.5505027126439066
6.0661772812855865,7.844577289362611,1.5516573878359246
4.639062955021952,7.829681876543804,1.5494940433680189
5.378995350684841,7.80252586823397,1.5449001219103262
8.222033807993295,7.808910913551959,1.5469452519746432
6.645113892997644,7.805737049146599,1.547097083140856
6.9018920709737,7.805887570369607,1.547907505204293
4.0176697429526715,7.789139154256576,1.5453652082045048
6.62144148452988,7.769678575764758,1.5422811972893047
7.999555122245149,7.771207981168849,1.5433619050601333
9.70899261527426,7.774921791977005,1.5448769600658308
6.56848813123479,7.77822651949019,1.5463114320746498
7.849712531009967,7.772642616957375,1.5459786165128222
6.479155179727065,7.772094044420393,1.5466467148396583
8.67692163065473,7.752598218593261,1.5435423053219182
5.805378435845514,7.7486960309684925,1.5435402493689236
5.327744332099268,7.73818285396563,1.5422198427953502
5.826419676266928,7.709493245285508,1.5372729531099303
6.69942963818141,7.691939322227684,1.5345418947844232
8.687363764962491,7.691464215365104,1.5352162573868748
6.039580951716165,7.708276238688015,1.5393427648659965
5.801793461703498,7.704372553303291,1.5393336361499976
6.451740591567235,7.698368163182587,1.5389037958201992
